{
  "token_acc": 0.999603615,
  "token_p": 0.9991808044,
  "token_r": 0.9990356034,
  "token_f": 0.9991081986,
  "tag_acc": 0.9738469671,
  "pos_acc": 0.9801441777,
  "morph_acc": 0.9065560122,
  "morph_micro_p": 0.9503158188,
  "morph_micro_r": 0.951507901,
  "morph_micro_f": 0.9509114863,
  "morph_per_feat": {
    "Case": {
      "p": 0.9100352539,
      "r": 0.9124416503,
      "f": 0.9112368634
    },
    "Definite": {
      "p": 0.9955585924,
      "r": 0.9970346715,
      "f": 0.9962960852
    },
    "Gender": {
      "p": 0.9264689486,
      "r": 0.938078573,
      "f": 0.9322376171
    },
    "Number": {
      "p": 0.9700062487,
      "r": 0.9708825573,
      "f": 0.9704442052
    },
    "PronType": {
      "p": 0.9921976593,
      "r": 0.9898645909,
      "f": 0.991029752
    },
    "Degree": {
      "p": 0.9747457033,
      "r": 0.970151859,
      "f": 0.9724433558
    },
    "VerbForm": {
      "p": 0.9545503269,
      "r": 0.9561902717,
      "f": 0.9553695955
    },
    "Mood": {
      "p": 0.9663372969,
      "r": 0.9567235948,
      "f": 0.9615064156
    },
    "Person": {
      "p": 0.9761805265,
      "r": 0.9679558011,
      "f": 0.9720507663
    },
    "Tense": {
      "p": 0.9670698925,
      "r": 0.9575777741,
      "f": 0.9623004263
    },
    "Reflex": {
      "p": 1.0,
      "r": 0.9976303318,
      "f": 0.9988137604
    },
    "Poss": {
      "p": 0.9979381443,
      "r": 1.0,
      "f": 0.9989680083
    },
    "Foreign": {
      "p": 0.5853658537,
      "r": 0.1206030151,
      "f": 0.2
    }
  },
  "sents_p": 0.9426831829,
  "sents_r": 0.9528218509,
  "sents_f": 0.937338274,
  "dep_uas": 0.9192300179,
  "dep_las": 0.8984777676,
  "dep_las_per_type": {
    "cp": {
      "p": 0.96,
      "r": 0.9652650823,
      "f": 0.9626253418
    },
    "nk": {
      "p": 0.9732063235,
      "r": 0.9777243851,
      "f": 0.9754601227
    },
    "sb": {
      "p": 0.9082696317,
      "r": 0.9170320996,
      "f": 0.9126298333
    },
    "ag": {
      "p": 0.9384449244,
      "r": 0.9607517966,
      "f": 0.9494673586
    },
    "mnr": {
      "p": 0.7329711659,
      "r": 0.7372845734,
      "f": 0.7351215423
    },
    "mo": {
      "p": 0.7797683856,
      "r": 0.7968844831,
      "f": 0.7882335284
    },
    "oc": {
      "p": 0.9082082966,
      "r": 0.9292594822,
      "f": 0.9186133016
    },
    "root": {
      "p": 0.9697796432,
      "r": 0.9549493697,
      "f": 0.9623073719
    },
    "rc": {
      "p": 0.7,
      "r": 0.6748878924,
      "f": 0.6872146119
    },
    "op": {
      "p": 0.7299270073,
      "r": 0.5961251863,
      "f": 0.6562756358
    },
    "pm": {
      "p": 0.9829059829,
      "r": 0.9913793103,
      "f": 0.9871244635
    },
    "nmc": {
      "p": 0.9857594937,
      "r": 0.9842022117,
      "f": 0.9849802372
    },
    "oa": {
      "p": 0.8534762833,
      "r": 0.8664248021,
      "f": 0.8599018003
    },
    "pd": {
      "p": 0.8325123153,
      "r": 0.7455882353,
      "f": 0.7866563227
    },
    "ep": {
      "p": 0.896,
      "r": 0.8421052632,
      "f": 0.8682170543
    },
    "cd": {
      "p": 0.8632534025,
      "r": 0.8604651163,
      "f": 0.8618570042
    },
    "cj": {
      "p": 0.847740668,
      "r": 0.8510848126,
      "f": 0.8494094488
    },
    "par": {
      "p": 0.5245901639,
      "r": 0.3137254902,
      "f": 0.3926380368
    },
    "svp": {
      "p": 0.9415322581,
      "r": 0.8980769231,
      "f": 0.9192913386
    },
    "pg": {
      "p": 0.8653846154,
      "r": 0.8598726115,
      "f": 0.8626198083
    },
    "da": {
      "p": 0.786440678,
      "r": 0.5903307888,
      "f": 0.6744186047
    },
    "app": {
      "p": 0.6723549488,
      "r": 0.6632996633,
      "f": 0.6677966102
    },
    "sbp": {
      "p": 0.8083333333,
      "r": 0.8362068966,
      "f": 0.8220338983
    },
    "ac": {
      "p": 0.9417475728,
      "r": 0.8290598291,
      "f": 0.8818181818
    },
    "pnc": {
      "p": 0.8202702703,
      "r": 0.7883116883,
      "f": 0.8039735099
    },
    "ju": {
      "p": 0.9215686275,
      "r": 0.9494949495,
      "f": 0.9353233831
    },
    "ng": {
      "p": 0.8153034301,
      "r": 0.8218085106,
      "f": 0.8185430464
    },
    "re": {
      "p": 0.7382550336,
      "r": 0.6547619048,
      "f": 0.6940063091
    },
    "cm": {
      "p": 0.875,
      "r": 0.875,
      "f": 0.875
    },
    "cc": {
      "p": 0.7062146893,
      "r": 0.6281407035,
      "f": 0.664893617
    },
    "uc": {
      "p": 0.8333333333,
      "r": 0.1666666667,
      "f": 0.2777777778
    },
    "cvc": {
      "p": 0.9,
      "r": 0.5696202532,
      "f": 0.6976744186
    },
    "ams": {
      "p": 0.768115942,
      "r": 0.7794117647,
      "f": 0.7737226277
    },
    "rs": {
      "p": 0.6470588235,
      "r": 0.3548387097,
      "f": 0.4583333333
    },
    "ph": {
      "p": 0.8,
      "r": 0.5714285714,
      "f": 0.6666666667
    },
    "dm": {
      "p": 1.0,
      "r": 1.0,
      "f": 1.0
    },
    "dep": {
      "p": 0.0,
      "r": 0.0,
      "f": 0.0
    },
    "oa2": {
      "p": 0.0,
      "r": 0.0,
      "f": 0.0
    },
    "vo": {
      "p": 0.0,
      "r": 0.0,
      "f": 0.0
    },
    "og": {
      "p": 0.4,
      "r": 0.2857142857,
      "f": 0.3333333333
    },
    "adc": {
      "p": 1.0,
      "r": 1.0,
      "f": 1.0
    }
  },
  "lemma_acc": 0.9746015805,
  "speed": 11411.9354977796,
  "ents_p": 0.8304823051,
  "ents_r": 0.8106276632,
  "ents_f": 0.8204348804,
  "ents_per_type": {
    "LOC": {
      "p": 0.8507369533,
      "r": 0.8487606275,
      "f": 0.8497476413
    },
    "PER": {
      "p": 0.8566444801,
      "r": 0.8822389259,
      "f": 0.869253342
    },
    "MISC": {
      "p": 0.7839388145,
      "r": 0.6910543729,
      "f": 0.7345719973
    },
    "ORG": {
      "p": 0.7697801316,
      "r": 0.7210613349,
      "f": 0.7446246992
    }
  }
}